{"errors":[],"warnings":[],"namedChunkGroups":{"app":{"chunks":[9,3],"assets":["webpack-runtime-d6eefe202727f96f1a2d.js","webpack-runtime-d6eefe202727f96f1a2d.js.map","app-4329cc6b569e3438fcaa.js","app-4329cc6b569e3438fcaa.js.map"],"children":{},"childAssets":{}},"component---src-pages-404-js":{"chunks":[0,1,4],"assets":["0-cd4ffe8129f12d5c5d37.js","0-cd4ffe8129f12d5c5d37.js.map","1.124939d5f21b944cb1f9.css","1-033fba99b9465d4cc32b.js","1-033fba99b9465d4cc32b.js.map","component---src-pages-404-js-2427f477e0125a1a93a8.js","component---src-pages-404-js-2427f477e0125a1a93a8.js.map"],"children":{},"childAssets":{}},"component---src-pages-downloads-js":{"chunks":[0,2,1,5],"assets":["0-cd4ffe8129f12d5c5d37.js","0-cd4ffe8129f12d5c5d37.js.map","2-e38ef60df94879a49ed3.js","2-e38ef60df94879a49ed3.js.map","1.124939d5f21b944cb1f9.css","1-033fba99b9465d4cc32b.js","1-033fba99b9465d4cc32b.js.map","component---src-pages-downloads-js-8ac3090091c022067b99.js","component---src-pages-downloads-js-8ac3090091c022067b99.js.map"],"children":{},"childAssets":{}},"component---src-pages-index-js":{"chunks":[0,2,1,6],"assets":["0-cd4ffe8129f12d5c5d37.js","0-cd4ffe8129f12d5c5d37.js.map","2-e38ef60df94879a49ed3.js","2-e38ef60df94879a49ed3.js.map","1.124939d5f21b944cb1f9.css","1-033fba99b9465d4cc32b.js","1-033fba99b9465d4cc32b.js.map","component---src-pages-index-js-60bf5e87568deb70b930.js","component---src-pages-index-js-60bf5e87568deb70b930.js.map"],"children":{},"childAssets":{}},"component---src-pages-onboarding-js":{"chunks":[0,1,7],"assets":["0-cd4ffe8129f12d5c5d37.js","0-cd4ffe8129f12d5c5d37.js.map","1.124939d5f21b944cb1f9.css","1-033fba99b9465d4cc32b.js","1-033fba99b9465d4cc32b.js.map","component---src-pages-onboarding-js-1cdde70aaabf4c00a9ab.js","component---src-pages-onboarding-js-1cdde70aaabf4c00a9ab.js.map"],"children":{},"childAssets":{}}},"assetsByChunkName":{"app":["webpack-runtime-d6eefe202727f96f1a2d.js","app-4329cc6b569e3438fcaa.js"],"component---src-pages-404-js":["0-cd4ffe8129f12d5c5d37.js","1.124939d5f21b944cb1f9.css","1-033fba99b9465d4cc32b.js","component---src-pages-404-js-2427f477e0125a1a93a8.js"],"component---src-pages-downloads-js":["0-cd4ffe8129f12d5c5d37.js","2-e38ef60df94879a49ed3.js","1.124939d5f21b944cb1f9.css","1-033fba99b9465d4cc32b.js","component---src-pages-downloads-js-8ac3090091c022067b99.js"],"component---src-pages-index-js":["0-cd4ffe8129f12d5c5d37.js","2-e38ef60df94879a49ed3.js","1.124939d5f21b944cb1f9.css","1-033fba99b9465d4cc32b.js","component---src-pages-index-js-60bf5e87568deb70b930.js"],"component---src-pages-onboarding-js":["0-cd4ffe8129f12d5c5d37.js","1.124939d5f21b944cb1f9.css","1-033fba99b9465d4cc32b.js","component---src-pages-onboarding-js-1cdde70aaabf4c00a9ab.js"]}}